Television,Mobile only,Computer/Laptop (With Internet),Without Internet,Good,Livable,Dilapidated,Class
56.8,53.7,5.8,7.5,64.1,31.6,4.3,YES
37.9,45,0.8,3.9,56.5,37.1,6.3,YES
79.4,64.2,11.7,11.9,73.1,25,1.9,YES
26,26.7,0.8,4.5,50.3,45.9,3.8,YES
18.7,20.7,0.4,3.9,47.2,48.9,3.9,NO
66.3,59.9,3.2,7.8,67.5,29.2,3.3,YES
8.7,12.4,0.4,4.2,38.3,58.1,3.6,NO
5.7,9.3,0.3,4,36.6,60.3,3.1,NO
38.2,42.9,1.5,5.4,55.5,35.9,8.6,YES
4.6,9,0.2,4,34.8,60.5,4.6,NO
2.9,7.4,0.1,4,33.7,61.6,4.6,NO
54.2,56.1,1.4,3.4,67.1,28.1,4.8,YES
27.5,25.2,0.7,3.5,44.6,50.9,4.5,NO
21.6,20.2,0.4,2.9,42.2,53.3,4.5,NO
58.3,51.3,2.2,6.6,56.8,38.6,4.6,YES
34,32.5,1,5.4,50.8,44.2,5,YES
28.6,27.7,0.6,4.7,48.3,46.3,5.4,NO
67.3,61.8,3.3,9.3,66.1,31.3,2.6,YES
43.5,40.5,1.4,4.9,61.2,35.8,2.9,YES
30.4,30.5,0.4,3.8,55.9,40.8,3.2,NO
77.1,66.1,4,7.9,74.8,23.1,2.1,YES
18.2,23.7,0.5,3.9,57,40.4,2.6,NO
12.3,19,0.2,3.4,55.9,41.5,2.5,NO
58.6,55.7,2.6,7.6,64.1,32.6,3.2,YES
42.7,42.9,1.5,5.2,63.6,33.5,3,YES
31.2,35.4,0.5,3.6,59.1,37.4,3.4,NO
73.9,63.3,4.1,9.3,75.6,22.7,1.6,NO
34.9,35.4,1,4.8,58.4,37.3,4.3,YES
26.4,28.8,0.6,4,54.4,40.7,4.9,NO
72.6,64.7,2.7,8.4,76.1,22,1.9,YES
41.5,42.3,1.2,4.3,63.7,33.1,3.2,YES
37.6,40,0.8,3.6,62.3,34.5,3.3,YES
65.3,55.9,3.8,8.8,72.5,25,2.6,YES
27.5,34.2,0.5,3.2,59.2,37.9,2.8,NO
24.7,32.5,0.3,3,57.8,39.2,2.9,NO
68.2,57.8,2.8,6,79.6,19,1.3,NO
56.2,52,2.5,6.8,68.7,29,2.3,YES
37.9,40.4,0.6,4.1,62.2,34.8,3,NO
75.7,64.3,4.5,9.8,75.6,22.9,1.5,NO
48.4,39.3,1.6,4.8,60.4,35.3,4.3,YES
37.3,32.1,0.5,3.5,55.6,38.9,5.5,NO
73.4,55.7,4,7.6,71.2,27.1,1.7,NO
40.1,36.6,0.9,4.2,58.8,36.3,4.9,YES
33.2,30.9,0.4,3.5,55.5,38.8,5.7,NO
65.8,57.5,2.9,6.7,70.9,27.2,1.9,YES
39.9,30.5,0.9,3.8,58.4,36.9,4.6,YES
34.7,25.4,0.7,3.4,57.9,36.7,5.4,NO
59,49.2,1.5,5.5,60.5,37.8,1.7,NO
39.8,28.9,0.8,4,57,37.2,5.8,YES
36.9,26.2,0.7,3.9,55.4,38.3,6.3,NO
58.2,46,1.7,5,67.3,29.7,3,YES
34.3,26.2,0.8,2.9,53.1,40,6.9,YES
34.3,26.2,0.8,2.9,53.1,40,6.9,YES
31.3,29.3,0.6,5.4,50.5,43.2,6.4,NO
31.3,29.3,0.6,5.4,50.5,43.2,6.4,NO
68.6,48,3.5,7.5,71.9,26.1,1.9,YES
45.7,35,0.9,4.8,63.1,33,3.9,YES
79.3,54.1,4.7,8.7,76,23,1,NO
66.7,49.4,4.1,7.7,66.8,30.8,2.4,YES
40.9,31.6,0.7,4.2,55.7,39.1,5.2,NO
78.9,57.8,5.8,9.3,72.1,26.8,1.1,NO
37.9,33.5,0.5,3.1,54.8,39.5,5.7,NO
33.3,29.5,0.4,3,53.5,39.9,6.6,NO
59.1,52.3,1.2,3.3,61,37.5,1.4,NO
45.6,35.6,0.8,4.3,59.6,36.3,4.1,YES
43.1,31.9,0.6,4.3,60.2,35.7,4.2,NO
56.5,51.6,1.3,4.4,57.4,38.9,3.7,YES
52.4,43.2,1.2,4.3,64.9,31.8,3.2,YES
41.1,36.3,0.3,3.5,60.2,35.6,4.2,NO
75.9,57.5,2.9,5.9,74.9,24,1.2,NO
40.5,40.3,0.9,3.3,58.5,37.6,3.9,YES
34.8,36.5,0.5,2.8,53.9,41.7,4.4,NO
66.3,57.7,2.6,5.5,79.5,18.9,1.6,NO
45.1,38.3,0.7,3.4,60.1,33.7,6.2,NO
41.8,35.9,0.4,2.8,59.9,33.9,6.2,NO
56.8,47,1.5,5.6,60.6,32.9,6.5,YES
47.3,43.3,1.1,3.7,59.4,36.2,4.4,YES
37.4,37.7,0.3,2.6,55,39.8,5.2,NO
78.2,60.8,3.5,7.2,73.4,24.9,1.7,NO
44.4,42.3,0.9,4.1,56.6,37.9,5.5,YES
37.9,37.6,0.4,3.7,54,39.7,6.3,NO
71,61.4,2.8,5.6,67.2,30.3,2.5,YES
39,33.6,0.7,3.6,53.3,41.6,5.1,NO
36.1,31.9,0.5,3.4,51.4,43.6,5,NO
58.2,44.9,2.1,5.2,66.1,28.3,5.6,YES
40.7,46.5,0.9,3.6,49.5,44.4,6.1,YES
34.8,43.7,0.4,3,46.4,46.9,6.7,NO
65.2,58.2,2.6,6.3,62.1,34.4,3.5,YES
33.6,41.3,0.6,3.5,46.1,45.8,8.1,NO
30.7,39.2,0.4,3.3,45.6,45.7,8.7,NO
48.4,51.9,1.3,4.4,48.8,46.2,5,YES
29.8,34.7,0.3,2.1,42,49,9,NO
29.8,34.7,0.3,2.1,42,49,9,NO
44.6,45,1.6,5.3,50.6,42.5,6.9,YES
37.2,41.6,1.2,5.7,46.9,45.2,7.9,YES
57.7,51.2,2.3,4.4,57.1,37.9,5,YES
39.7,39,0.8,3,45.8,47.1,7.1,YES
34.2,34.7,0.5,1.9,42.5,49.5,8,NO
58.7,53.7,2,6.8,57,38.8,4.2,YES
50.6,43.4,1.2,4.8,53.7,41.8,4.4,YES
45.9,40.6,0.9,4.2,52.7,42,5.3,YES
60,48.8,1.9,5.8,55.8,41.5,2.7,YES
35.1,38.4,0.2,2.5,42,51.8,6.1,NO
35.1,38.4,0.2,2.5,42,51.8,6.1,NO
40.7,42.2,1.2,3.7,50.6,42.8,6.6,YES
31.5,37.7,0.4,2.3,45.9,46.8,7.3,NO
66.9,54.9,3.5,7.7,64,31.6,4.4,YES
41.3,50.5,0.7,3.9,49.7,45.3,5,NO
36.8,48.2,0.4,3.5,47.6,47,5.3,NO
65.9,63.2,2.7,6.1,61,35.6,3.4,YES
42.1,48.7,0.7,3.7,50,44.6,5.4,NO
34.8,44.8,0.3,2.9,46.1,48.2,5.7,NO
73.3,65.6,2.8,7.3,66.5,29.2,4.3,YES
49.9,49.8,1.3,4.6,53.1,42.4,4.5,YES
39.2,44.6,0.5,3.4,45.5,49.1,5.4,NO
76.9,62.8,3.2,7.7,72.2,25.5,2.3,YES
45.8,61.3,1.1,3.8,57,37.5,5.5,YES
38.2,59.4,0.5,3.1,56.1,37.3,6.6,NO
71.3,67.7,3.2,6.1,60.1,38.1,1.8,NO
34.6,58.1,0.5,2.5,54.2,39.9,5.9,NO
32.3,57.1,0.4,2.5,52.3,41.4,6.3,NO
58.4,68.6,1.8,3.4,73.7,24.6,1.8,NO
33.2,52.2,0.5,2.8,44.9,48,7.1,NO
29.3,50.2,0.3,2.8,42.7,49.4,8,NO
57.3,65.1,2,3,58.7,39.7,1.6,NO
45.2,42,1.6,4.6,51.6,42.5,5.9,YES
32.6,34.3,0.5,3,45.4,47.5,7.1,NO
66.9,55.3,3.4,7.4,62.5,33.8,3.7,YES
33.3,33.4,0.5,2.1,40.7,53.2,6.2,NO
29.5,30.7,0.4,2.1,38.3,55.1,6.6,NO
61.2,53.1,1.3,2.3,58.3,39,2.7,YES
39.9,38.1,0.8,3.7,47.1,45.9,7,YES
33.8,33,0.3,3,43.4,48.9,7.7,NO
52.2,48.5,1.8,5.2,54.8,39.8,5.5,YES
32.2,37.5,0.8,3.7,49.8,43.5,6.6,YES
31.2,35,0.9,3.4,49.2,43.1,7.7,YES
36.5,48,0.6,4.6,52.7,45.3,2,NO
62.3,51.5,3.1,7.1,60.4,35.1,4.5,YES
40.7,40.1,0.7,4,50.5,43.3,6.2,NO
73.4,57.4,4.3,8.7,65.5,30.8,3.6,YES
40.2,39.3,0.7,3,51.5,41.8,6.7,NO
34.4,34.8,0.6,2.9,49.3,43.2,7.4,NO
62.5,57.1,1.3,3.2,60,36.1,3.9,YES
27.1,33.4,0.4,2.3,42.7,50.3,7,NO
25,31.3,0.4,2.2,42,50.5,7.6,NO
41.5,48,0.9,3.5,47.8,48.9,3.3,YES
27.6,31.3,0.3,2.7,41.8,50.9,7.2,NO
27.6,31.3,0.3,2.7,41.8,50.9,7.2,NO
37.6,43.1,0.7,3.4,49.4,44.6,6,NO
33.5,40.8,0.5,3.2,47.1,46.3,6.7,NO
59.7,55.6,2.2,5,61.7,35.7,2.6,YES
35.2,43.4,0.6,4.1,50.5,43,6.5,NO
35.2,43.4,0.6,4.1,50.5,43,6.5,NO
37.7,43.7,0.6,2.7,51.1,44.1,4.8,NO
35.6,41.9,0.3,2.5,49.1,45.7,5.2,NO
49.4,53.4,1.9,3.8,62.2,34.9,2.9,YES
39.5,38.4,0.8,2.9,49,45.2,5.8,YES
34,33.5,0.5,2.3,43.9,48.9,7.2,NO
53.9,51.3,1.7,4.4,62.6,35.2,2.2,YES
24.7,28.6,0.4,3.7,39.5,53.3,7.2,NO
24.7,28.6,0.4,3.7,39.5,53.3,7.2,NO
43.9,50.2,1.1,3.7,51.4,42.6,6,YES
34,46.4,0.4,2.5,46.9,45.8,7.3,NO
69,60,3.1,6.9,62.9,34.3,2.8,YES
40.8,50.9,0.7,3.6,52.8,41.4,5.9,NO
37.4,49.9,0.5,3.7,52.1,41.5,6.4,NO
59.1,56.2,1.5,2.9,56.4,40.8,2.8,YES
47.4,37,1.5,4.2,54.4,40.2,5.4,YES
35.7,28.2,0.5,2.5,48.7,44.6,6.6,NO
70.8,54.5,3.5,7.5,65.8,31.3,2.9,YES
16.1,15.9,0.3,2.2,43.1,51.7,5.2,NO
13.4,13.6,0.2,2.1,41.7,53.1,5.1,NO
46.4,41.4,1.5,3.2,57.9,35.9,6.3,YES
13.1,10,0.2,2.1,36.8,59.3,3.9,NO
11.4,8.3,0.2,2,36.1,59.9,3.9,NO
55.4,51.6,1.2,4.1,53.9,43.3,2.8,YES
37.4,34.1,0.7,2.7,49.5,43.5,7,NO
33.5,28.6,0.5,2.2,48.5,43.4,8.2,NO
46.1,46.2,1.1,3.8,51.8,43.9,4.2,YES
49.4,37.7,1.1,4,52,43.7,4.4,YES
43,32,0.7,3.4,51.1,43.8,5.1,NO
60.4,47.6,1.7,5,53.5,43.3,3.2,YES
40.1,32.4,0.6,3.1,50.8,42.5,6.8,NO
39,30.7,0.6,3.1,51,42.2,6.8,NO
52.4,52.1,1.5,3.6,47.8,45.4,6.8,YES
46.1,36.3,0.5,2.8,49.1,44.2,6.8,NO
41,30.9,0.4,2.6,45.7,46.7,7.6,NO
67.5,59.1,1.1,3.6,63.2,33.5,3.3,YES
47.6,34.4,0.7,2.2,48.3,44.2,7.5,NO
42.5,27.3,0.4,1.4,45.9,45.9,8.3,NO
60.8,52.4,1.4,4.2,54.5,40,5.5,YES
43,34.9,0.5,2.5,50.6,43.4,6,NO
43,34.9,0.5,2.5,50.6,43.4,6,NO
70.8,52.1,3.8,8.2,67.7,29.2,3.1,YES
40.7,32.1,0.5,3.7,50,42,7.9,NO
78,56.9,4.6,9.3,71.9,26.2,1.9,YES
34.5,28.8,0.5,1.7,48.4,44.5,7.1,NO
34.5,28.8,0.5,1.7,48.4,44.5,7.1,NO
36,35.8,0.5,2.8,54,40.1,5.9,NO
32.5,32.5,0.3,2.3,54,40.4,5.6,NO
51.9,51.2,1.2,5,54.3,38.7,7,YES
34.9,28.1,1,2.8,53.5,40.2,6.3,YES
34.9,28.1,1,2.8,53.5,40.2,6.3,YES
45.7,34.3,0.7,2.2,48.8,44.3,6.9,NO
39.7,29.3,0.5,1.8,45.9,47.3,6.8,NO
71.6,56,1.8,3.8,61.5,31.3,7.1,YES
47.3,35.6,1,3.7,56.5,36.4,7.1,YES
43.6,32.8,0.5,3,55.2,37.1,7.7,NO
68.7,51.9,3.5,8.1,64.1,32.3,3.6,YES
56.4,44.6,1.4,3.9,54.6,37.7,7.7,YES
47.2,39.2,0.6,2.8,46.8,43.7,9.5,NO
77.3,56.9,3.2,6.4,72.4,24,3.7,YES
42.4,37,0.5,2.5,46.3,46.2,7.6,NO
42.4,37,0.5,2.5,46.3,46.2,7.6,NO
46.3,35.3,0.6,3.6,42.3,48.7,9,NO
46.3,35.3,0.6,3.6,42.3,48.7,9,NO
46.4,36.7,0.7,2.6,41.6,47.9,10.5,NO
37.5,31,0.3,1.8,35.6,53,11.4,NO
70.1,51.6,1.8,4.8,57.5,34.5,8,YES
53.6,43.6,0.8,2.8,50,41.6,8.4,YES
52,42.1,0.8,2.8,49.6,41.8,8.7,YES
67.9,58.1,0.7,2.5,53.7,40.1,6.2,NO
69.8,50.5,3.1,6.1,68.9,26,5.1,YES
53.7,41.4,1.1,2.7,52.7,38.7,8.6,YES
81.5,57.1,4.6,8.5,80.6,16.8,2.5,YES
55.2,43.1,0.8,4.6,55.4,37.1,7.5,YES
49.4,38.9,0.6,4.8,51.6,39.9,8.5,NO
68.8,52.9,1.3,4,64.2,30.6,5.2,YES
60.2,50.5,1.1,3.2,55.3,37,7.7,YES
47.6,43.1,0.3,2.4,46,42.9,11.2,NO
77.1,60.5,2.1,4.4,67.8,29.2,3,YES
44.4,41.7,0.7,2.4,46.8,42.6,10.6,NO
44.4,41.7,0.7,2.4,46.8,42.6,10.6,NO
73.2,52,5.8,7.8,66.7,28.7,4.6,YES
50.8,31.6,0.9,3.1,52.7,39,8.3,YES
84,61.9,8.2,10.1,73.5,23.7,2.8,YES
48.4,24.1,0.4,3.1,52.2,39.2,8.6,NO
45.1,20,0.3,3.1,49.7,40.6,9.7,NO
61.9,41.1,0.7,3.1,62.3,33.2,4.5,NO
53,28.5,0.8,2.4,54.4,36.1,9.5,YES
44.7,20.3,0.5,1.8,48.9,39.5,11.7,NO
77.2,52.3,1.9,4.4,70.5,26.2,3.3,YES
62.6,36.3,0.8,3.1,55.8,37.2,7,YES
57,27.3,0.4,2.2,51.3,40.5,8.3,NO
75.4,56.8,1.6,5.3,66.1,29.7,4.3,YES
65.1,38.5,1.7,5.4,59.4,34.3,6.2,YES
55.3,27.1,0.8,4.1,53,38.5,8.6,YES
78,53.4,2.8,7,68,28.9,3.1,YES
59.5,39.7,1.3,4.3,55.3,38.3,6.4,YES
51.3,31.1,0.8,3.6,49.7,42.4,7.9,YES
77.7,58.9,2.4,6,67.7,29.2,3.1,YES
45.8,28.3,1,3.2,49.3,41.7,9.1,YES
40.3,23.9,0.6,2.7,44,45.6,10.4,NO
70.9,48.3,3,5.8,73.6,23.7,2.7,YES
52.9,33.5,0.9,2.2,53.8,39.3,6.9,YES
50.9,32.1,0.9,1.9,51,41.8,7.2,YES
69.2,45.5,1.3,4.4,77.2,18.5,4.4,YES
67.5,53.3,2,5.1,58.7,36.2,5,YES
60,47.9,1.5,3.7,58,35.7,6.3,YES
73.3,57.5,2.4,6.2,59.2,36.7,4.1,YES
73.9,62.7,3.4,7.4,70,25,5,YES
65.7,54.9,1.8,5.2,63,29.5,7.5,YES
81.6,69.9,4.9,9.4,76.5,20.9,2.6,YES
87,62.7,10,11.3,75.1,22.4,2.6,YES
87,62.7,10,11.3,75.1,22.4,2.6,YES
60.7,57.7,1.5,3.5,65.1,29.2,5.7,YES
52.5,45.3,0.8,2.1,58.6,34.9,6.5,YES
67.8,68.5,2.1,4.6,70.7,24.3,5,YES
58.8,37.3,1.6,5.4,58.5,34.6,6.9,YES
50.5,29.5,1.5,3.4,57.2,34.8,8,YES
74.6,52.2,1.6,9.2,61.1,34.2,4.7,YES
46.8,28.2,0.8,3.3,50,43.8,6.2,YES
46.8,28.2,0.8,3.3,50,43.8,6.2,YES
39.6,21.2,0.5,2,50.7,39.9,9.4,NO
39.6,21.2,0.5,2,50.7,39.9,9.4,NO
42.5,39.9,1.1,3.7,52.7,40.1,7.2,YES
35.2,36.3,0.5,3.1,48.3,43.6,8.1,NO
73.9,55.5,3.5,6.3,71.6,25,3.4,YES
42.4,39.6,1,3.1,54.1,40.1,5.8,YES
34.3,35.8,0.6,2.7,51.7,41.7,6.5,NO
70.8,53,2.6,4.7,62.4,34.2,3.4,YES
43.3,42.7,0.7,3.4,49.7,43,7.3,NO
40.9,41.5,0.5,3.5,47.5,44.9,7.6,NO
67.9,54.7,2.3,2.6,72.3,24.1,3.6,YES
58.6,47.8,2.3,5.4,62.7,31.8,5.5,YES
41.6,40.2,0.4,3.3,49.8,42.2,8,NO
79.7,57.1,4.6,8.1,78.7,19,2.3,YES
34,34.7,0.5,4,50.8,42.5,6.7,NO
29.9,31.9,0.3,3.7,48.2,44.6,7.2,NO
68.6,58.2,2.1,6.5,73.4,24.1,2.5,YES
37.6,36.7,0.8,4,53.7,39.1,7.1,YES
35,34.9,0.6,4,51.5,40.9,7.6,NO
81.3,67.1,4.1,4.7,90,9.7,0.3,NO
37.1,38.1,0.5,2.5,44.2,45.8,10,NO
34.5,36.7,0.5,2.4,44.2,46,9.8,NO
53.5,47.1,0.6,2.6,44.1,44.6,11.3,NO
28.6,32,0.5,2.2,44,45.8,10.2,NO
28.6,32,0.5,2.2,44,45.8,10.2,NO
36.3,36.5,1,3.7,56.9,38.1,4.9,YES
29.4,32.8,0.5,2.9,54.4,40.3,5.2,NO
71.1,55.2,3.6,7.7,69.6,27,3.3,YES
36.5,38.1,0.6,3.8,55.8,38.7,5.5,NO
31.7,35.2,0.4,3.4,53.2,41,5.8,NO
65.9,56.4,1.8,6,71.9,24.7,3.4,YES
31.6,36.9,0.5,2.9,62.3,33.9,3.9,NO
31.6,36.9,0.5,2.9,62.3,33.9,3.9,NO
48.1,39.3,2,4.9,60.3,35.7,4,YES
31.9,29.4,0.6,2.9,54.6,40.9,4.6,NO
74.2,55.3,4.3,8.2,69.5,27.5,3,YES
33.7,37.9,0.8,4.8,59.7,35,5.3,YES
29.8,35.8,0.7,4.7,58.3,36.6,5.1,NO
59.2,51.7,1.9,5.8,68.7,24.7,6.5,YES
23.9,31.7,0.5,4,63.9,32.1,4,NO
21.5,30.3,0.4,3.9,63.4,32.7,3.9,NO
61.9,54.5,1.4,5,72.3,22.3,5.4,YES
28.5,38,0.4,1.5,54.6,39.9,5.6,NO
28.5,38,0.4,1.5,54.6,39.9,5.6,NO
30.4,32.6,0.4,2.5,47.8,43.6,8.6,NO
30.4,32.6,0.4,2.5,47.8,43.6,8.6,NO
27.8,29.5,0.5,2.7,47.1,49.7,3.2,NO
22.5,25.5,0.3,2,44.2,52.5,3.3,NO
63.8,56.3,1.8,7.6,66.8,30.8,2.4,YES
25.9,25.8,0.7,3.8,51,40.9,8.1,NO
20.8,21.8,0.5,3.6,48.7,42.6,8.7,NO
67.1,58,2.4,5.8,69,27,4,YES
35.7,32.7,1.2,3.4,50.1,41.4,8.5,YES
24.2,24.3,0.4,2.7,46.8,43.1,10.1,NO
60.5,51,2.9,5,57.2,37.8,5,YES
29.5,26.3,0.8,4.4,50.6,42.4,6.9,YES
29.5,26.3,0.8,4.4,50.6,42.4,6.9,YES
23.5,21,0.4,2.8,54.5,39.1,6.4,NO
20.1,19,0.2,2.4,53.9,39.3,6.8,NO
59.8,42.5,2.5,6.7,61.4,36.4,2.1,YES
13.7,14.5,0.3,4.2,72.2,26.5,1.3,NO
13.7,14.5,0.3,4.2,72.2,26.5,1.3,NO
14.7,14.4,0.3,7.5,51.6,43.5,5,NO
14.7,14.4,0.3,7.5,51.6,43.5,5,NO
42.5,37.8,1.3,4,58,34.8,7.2,YES
25.3,22.4,0.5,2.3,49,41.5,9.5,NO
73.6,65.5,2.7,7,74.2,22.7,3.1,YES
25.8,28.8,0.4,2.2,50.9,38.8,10.3,NO
24.7,27.8,0.4,2.2,50.4,39.2,10.4,NO
59.9,59.5,1,2.8,67.5,25.3,7.2,YES
22.6,27.3,0.8,3.1,36.2,55.6,8.2,YES
22.6,27.3,0.8,3.1,36.2,55.6,8.2,YES
12.1,11.3,0.2,2.9,43.9,51.9,4.3,NO
12.1,11.3,0.2,2.9,43.9,51.9,4.3,NO
10.2,10.4,0.1,3,50.6,43.4,6,NO
10.2,10.4,0.1,3,50.6,43.4,6,NO
25.5,27.6,0.9,5.3,50.3,40.7,9,YES
20,24,0.8,5.4,47.1,43.2,9.8,YES
63.6,52.5,1.8,4.6,72.7,23.9,3.4,YES
18.8,24.1,0.5,3.8,39.2,43.8,17,NO
14.4,21.1,0.4,3.7,35.5,46.5,17.9,NO
62.7,53.9,1.1,4.2,75.6,17.2,7.2,YES
43.4,40.1,1.6,4.4,55.5,35.9,8.6,YES
27.5,29.5,0.4,2.8,47.5,41.3,11.2,NO
74.9,61.1,3.8,7.5,71.4,25.2,3.4,YES
46.9,44.2,1,3.8,55.8,35.2,9,YES
37.6,39.5,0.6,3.1,51.4,38.5,10.1,NO
73.4,57.5,2,5.8,68.5,25.7,5.8,YES
27.3,26.7,0.3,2.8,45.2,42.2,12.6,NO
27.3,26.7,0.3,2.8,45.2,42.2,12.6,NO
25.8,26,0.4,2.7,48.4,41.3,10.3,NO
25.8,26,0.4,2.7,48.4,41.3,10.3,NO
33.3,29.7,0.8,3.5,47.5,41.2,11.3,YES
22.9,22,0.2,2.4,41.1,46.2,12.8,NO
73.8,59.5,3,7.7,72.3,22.1,5.6,YES
18.7,18.8,0.2,2,40.5,46.2,13.3,NO
18.7,18.8,0.2,2,40.5,46.2,13.3,NO
24.3,24,0.4,3.1,48.7,40.2,11.1,NO
24.3,24,0.4,3.1,48.7,40.2,11.1,NO
54.9,49,1.3,4.2,65.9,27.8,6.3,YES
35.8,37,0.7,2.3,55,35.3,9.8,NO
78.7,64,2.1,6.6,79.5,18.6,1.9,YES
72.7,59.9,4.2,7.7,69.5,26.7,3.9,YES
44.8,44.1,0.4,3.6,57.4,34.3,8.3,NO
78.5,63.1,5,8.6,72,25.1,2.9,YES
25.6,26.2,0.5,2.3,50.5,39.4,10,NO
18.1,21.7,0.3,1.9,48,41,11.1,NO
54.7,43.9,1.4,3.7,60.5,33.4,6.1,YES
18.8,23.5,0.1,2.4,44.8,39,16.2,NO
18.8,23.5,0.1,2.4,44.8,39,16.2,NO
63.8,54.3,2.2,5.5,66.2,29.7,4.1,YES
35.4,34.2,0.3,4.7,55.6,36.3,8.1,NO
73,60.8,2.8,5.7,69.7,27.6,2.8,YES
47.2,53.2,1.3,4.7,56.2,35.4,8.4,YES
39.4,50.1,0.7,3.5,50.9,39.2,9.9,NO
63.2,59.5,2.6,7.2,67.2,27.6,5.2,YES
8,18.2,0.1,2,28.8,62,9.2,NO
8,18.2,0.1,2,28.8,62,9.2,NO
46.4,44.3,1.8,4,59,33.8,7.1,YES
37.6,39.3,1.1,2.7,54.4,37.2,8.5,YES
69.8,57.5,3.7,7.2,71.4,25.1,3.5,YES
20.7,27.5,0.7,4.7,46.7,38.9,14.5,NO
17.3,25.7,0.5,4.6,45.6,39.3,15.2,NO
51.7,44.2,2.6,5.9,56.8,35.2,7.9,YES
38.3,37.9,1,3.7,49.3,43.4,7.3,YES
30.5,33.3,0.4,3,45,46.9,8.1,NO
69.5,56.4,3.3,6.6,66.8,29.3,3.9,YES
32.1,28.8,0.4,3.8,48.8,43.7,7.5,NO
29.1,25.7,0.2,3.1,47.9,44.4,7.7,NO
45.3,42.7,1.1,7.2,52.9,40.4,6.8,YES
36.8,29.9,0.2,2.2,49.1,42.3,8.6,NO
36.8,29.9,0.2,2.2,49.1,42.3,8.6,NO
32.8,26.6,0.4,2.6,44.9,47.2,7.9,NO
32.8,26.6,0.4,2.6,44.9,47.2,7.9,NO
58.8,44.9,3.2,6.5,59.8,35.2,5,YES
31.6,26.9,0.3,2.6,40.3,52.7,7.1,NO
76.2,56.4,5.1,9,72.3,23.9,3.7,YES
31,34.5,0.3,2.9,47.6,44.6,7.8,NO
26.9,31,0.2,2.7,43.8,47.5,8.7,NO
56.2,56.1,1.3,4.3,71.1,26.4,2.5,YES
32.8,35.5,0.8,2.5,46,46.9,7.1,YES
24.1,29.2,0.5,1.9,40.6,51.5,7.9,NO
56.6,52.7,1.6,4.5,60.9,34.4,4.8,YES
34.1,38.6,0.8,4.3,48.6,45.7,5.8,YES
24,33,0.3,3.6,44.1,49.3,6.6,NO
67.2,56.8,2.5,6.7,63.3,33.8,2.9,YES
33.3,43,0.4,2.5,41.8,50.9,7.3,NO
27.4,39.2,0.3,2.3,40.7,51.6,7.7,NO
63.6,62.7,1.1,3.3,47.3,47.6,5,YES
23.7,36.2,0.3,3.1,40.9,51.2,7.9,NO
23.7,36.2,0.3,3.1,40.9,51.2,7.9,NO
29,32.1,0.4,3.7,46.5,45.3,8.2,NO
29,32.1,0.4,3.7,46.5,45.3,8.2,NO
33.9,32,0.5,3.1,49.4,45.1,5.5,NO
29.4,28.7,0.4,3.2,46.9,47.3,5.9,NO
61,51.3,1.3,2.5,64.6,32.2,3.2,YES
38.6,33.4,0.8,3.5,49.4,42.5,8.1,YES
31.1,28.3,0.3,3.3,45.9,45.4,8.7,NO
72.5,56.4,2.8,4.7,65.3,29.5,5.2,YES
36.5,32.8,0.4,4,43.2,44.8,12,NO
36.5,32.8,0.4,4,43.2,44.8,12,NO
33.7,36.7,0.4,3.2,48.4,42.6,9,NO
33.7,36.7,0.4,3.2,48.4,42.6,9,NO
31.5,36.4,0.3,2.6,43.4,47.6,9.1,NO
31.5,36.4,0.3,2.6,43.4,47.6,9.1,NO
59,54.7,1.5,3.5,62.2,30.4,7.4,YES
52.2,52.1,1.1,3.3,58.4,32.5,9.1,YES
74.2,60.3,2.3,3.9,70.6,25.7,3.7,YES
33,52.5,1.2,5.4,46.2,47,6.8,YES
22.6,47.8,0.4,4.4,41.1,51.2,7.8,NO
63,66,3.2,8.4,61,35,4,YES
30.3,39.2,0.5,5.1,42.9,50.8,6.2,NO
30.3,39.2,0.5,5.1,42.9,50.8,6.2,NO
33.3,44.9,0.7,3.7,44.8,49.1,6.2,NO
27.2,40.5,0.5,3.7,42.6,51.6,5.8,NO
66.4,69.3,1.7,3.8,56.2,35.3,8.5,YES
21.6,47,0.2,3.6,32.6,58.6,8.8,NO
21.6,47,0.2,3.6,32.6,58.6,8.8,NO
30.2,47.1,0.4,2.7,43,51.2,5.8,NO
27.1,45.5,0.3,2.5,40.7,53.3,6,NO
57.4,62,1.1,5.1,63.6,32.4,4,YES
38.4,58.9,0.6,4.1,46.7,46.8,6.5,NO
38.4,58.9,0.6,4.1,46.7,46.8,6.5,NO
61.7,64.4,3.7,9.3,60.6,35.2,4.2,YES
38.9,58.5,0.9,4.4,43.9,48.5,7.5,YES
67.1,65.7,4.3,10.5,64.4,32.1,3.4,YES
32.3,54,0.5,3.7,38.1,52.9,9,NO
29.4,51.2,0.3,3.9,39.6,51.6,8.8,NO
46.6,67.9,1.7,3,31,58.8,10.3,YES
27.9,53.1,0.4,3.2,43.9,46.7,9.4,NO
20.4,50,0.2,2.9,39.8,49.4,10.9,NO
53.1,63.7,0.8,3.9,57.9,37.7,4.4,YES
21.8,49.5,0.4,3.7,42.2,48,9.8,NO
16.7,46.5,0.3,3.7,40,49.5,10.5,NO
54.7,68.6,1.2,3.7,56.5,38.1,5.4,YES
38.5,60,0.7,5.6,48.2,44.7,7.1,NO
28.9,56.6,0.2,4.9,42.8,48.4,8.8,NO
56.9,66.5,1.5,7.1,58.4,37.6,4,YES
20.5,50.6,0.5,4.8,40.7,52.1,7.2,NO
16.2,48.4,0.4,5.1,40.6,51.8,7.6,NO
42.6,61.7,1.1,3.4,41.3,53.8,4.9,YES
17.7,47.2,0.4,4.9,42.3,48.8,8.9,NO
17.7,47.2,0.4,4.9,42.3,48.8,8.9,NO
21.7,51.2,0.5,4.5,41.2,51.4,7.4,NO
18.1,49.6,0.4,4.4,39.7,52.3,8.1,NO
56.6,67.2,1.4,5.1,55.9,42.9,1.1,NO
18.3,47.4,0.5,5,40.4,52,7.6,NO
15.2,45.6,0.5,5.3,39.3,52.8,7.9,NO
50.8,66.4,0.8,1.9,52.2,43.4,4.4,YES
19.1,49.1,0.5,5.6,42.5,49.9,7.6,NO
15.8,47.4,0.4,5.2,41.1,51,7.9,NO
52.9,66.5,1.8,9.6,57.2,38.6,4.3,YES
29.8,53.2,0.7,5.5,47,45.7,7.3,NO
20.3,48.8,0.4,5.5,43,48.9,8.1,NO
62.5,68.6,1.9,5.5,60.6,34.8,4.6,YES
32.4,54.7,0.5,3.7,48.8,45.6,5.6,NO
27.6,53.2,0.3,3.2,47.3,46.7,6,NO
62.1,64,2.1,6.7,58.1,38.7,3.1,YES
27.9,53.4,0.3,4,48.5,44.4,7.1,NO
27.9,53.4,0.3,4,48.5,44.4,7.1,NO
41,55.9,1.1,4.3,54.6,39.7,5.7,YES
29.7,53.6,0.4,3.6,50.3,43.2,6.5,NO
67.6,61.4,2.7,6,64.9,31.4,3.7,YES
29,52,0.2,2.4,45.6,49.1,5.3,NO
29,52,0.2,2.4,45.6,49.1,5.3,NO
27,52.2,0.3,2.9,46.1,48.2,5.7,NO
24,51,0.3,2.7,44.7,49.3,6,NO
55.4,63.6,1,4.7,59.2,37.8,3,YES
34.3,58.4,0.6,4.4,47.7,47.7,4.6,NO
27.7,55.9,0.2,3.3,47.4,47.4,5.3,NO
57.4,67.5,1.9,8.3,49,48.6,2.4,YES
37.7,55.5,1.1,4.8,48.8,44,7.2,YES
27.2,52.8,0.4,4,44.4,47.3,8.3,NO
63.6,62,2.9,6.8,59.7,35.8,4.4,YES
38.3,54.5,1,3.9,56.8,37,6.3,YES
29.6,52.5,0.3,3.3,49.6,42.9,7.5,NO
63.7,60.4,2.9,5.7,77.6,19.6,2.8,YES
29.2,53.3,0.6,4.2,45.4,48.4,6.2,NO
25,51.1,0.4,3.8,43.9,49.5,6.6,NO
55.4,67.2,2.4,7.1,54.4,41.9,3.7,YES
51.7,58.9,2.2,5.7,55.1,39.4,5.5,YES
31.1,55.6,0.4,2.7,47,46.3,6.7,NO
68,61.6,3.6,8.1,61.4,34,4.6,YES
35.6,56,0.8,4.4,49.7,43.3,7.1,YES
29.8,55.3,0.4,4.2,47.1,45.6,7.3,NO
53.2,58,2,4.9,57.5,36.1,6.4,YES
36.6,56.7,0.5,3.9,47.5,44.7,7.8,NO
32.1,54.5,0.4,4.2,46.9,43.9,9.2,NO
51.5,64,0.9,3.1,49.3,47.5,3.2,YES
32.9,58,0.4,4.5,45.3,43.4,11.3,NO
29.2,57.1,0.3,4.7,45.5,41.6,12.9,NO
50.4,62,1,3.6,44.2,51.8,4,YES
33.7,52.6,0.9,5.9,43.4,46,10.6,YES
24.4,50.2,0.4,5.9,40,48.1,11.8,NO
64.5,60.6,2.6,5.9,54.7,38.9,6.4,YES
20.1,46.7,0.4,4.7,36.2,53.7,10.1,NO
20.1,46.7,0.4,4.7,36.2,53.7,10.1,NO
32.6,56.7,0.7,3.6,46.1,47.6,6.3,NO
25.6,54.8,0.4,3.3,43.9,49,7,NO
61.9,64.7,2.1,4.8,55.4,41.4,3.1,YES
40.8,50.1,1,3.5,53.6,40.2,6.2,YES
33.9,47.3,0.4,2.7,52.1,41,6.9,NO
72.4,63.2,3.5,7.2,60.4,36.5,3.1,YES
34.5,45.4,0.4,2.7,48,44.3,7.7,NO
32.6,44,0.3,2.6,46.9,45.1,8,NO
60.2,63,1.3,3.9,62.1,34.1,3.8,YES
32.7,42.9,0.5,3.3,52,40.8,7.1,NO
32.7,42.9,0.5,3.3,52,40.8,7.1,NO
55.9,56.2,2.3,5.5,56.6,38.8,4.6,YES
33.4,47.6,0.4,2.9,52.3,41.2,6.5,NO
75.3,63.7,4,7.8,60.2,36.7,3.1,YES
38.8,47.7,0.7,4,58.1,36.1,5.8,NO
38.8,47.7,0.7,4,58.1,36.1,5.8,NO
42,52.7,0.6,2.8,57.5,36.4,6.1,NO
38,51.1,0.4,2.5,56.4,37,6.7,NO
73.5,65.3,2.4,5,65.7,32.2,2.1,YES
34.2,49.8,0.4,1.3,52.2,40.6,7.3,NO
34.2,49.8,0.4,1.3,52.2,40.6,7.3,NO
35.7,48.2,0.8,3,52.7,40.6,6.6,YES
31.4,46.3,0.6,2.4,52,40.7,7.3,NO
55,56.9,2.2,5.8,55.9,40.3,3.8,YES
29.8,49.2,0.4,2.7,49.9,44.6,5.5,NO
29.8,49.2,0.4,2.7,49.9,44.6,5.5,NO
54.8,61.7,3.2,6.3,62.5,32.3,5.2,YES
38.8,56.3,0.5,3.2,52.3,39.7,8,NO
75.9,68.9,6.6,10.4,76,22.6,1.4,NO
43.7,56.8,0.6,3.5,54.8,38,7.2,NO
40.5,55.6,0.4,3.2,52.2,39.9,7.9,NO
69.6,66.9,2.2,6.5,75.5,22.3,2.2,YES
27.6,35.9,0.6,3.2,44.1,47.7,8.1,NO
27.6,35.9,0.6,3.2,44.1,47.7,8.1,NO
34.1,52.6,0.5,2.9,50.8,41,8.2,NO
29.6,49.2,0.3,2.6,48.5,42.3,9.2,NO
59.3,72,1.3,5.1,63.6,33.9,2.5,YES
37,59.1,0.6,3.8,55,38.8,6.2,NO
37,59.1,0.6,3.8,55,38.8,6.2,NO
72.5,67.4,6.6,10.4,75.1,23.2,1.8,NO
44.6,60.3,0.9,4.5,61.3,34,4.7,YES
78.5,68.9,7.8,11.7,78,20.8,1.1,NO
44.3,59.5,0.7,3.5,54.5,38.6,6.9,NO
42.4,59.1,0.6,3.3,56.3,36.3,7.4,NO
58.1,61.9,1,4.9,41.3,55.6,3.1,YES
41.9,61.6,0.7,2.9,51.5,37.8,10.7,NO
37.9,61.2,0.5,2.5,48.9,39.2,12,NO
69.6,64.2,2.4,5.3,69.8,28.1,2.1,YES
51.3,63.9,0.9,3.8,59,34.8,6.2,YES
44.7,60.6,0.6,3.3,53.3,38.6,8.1,NO
66,71.2,1.7,4.9,71.8,26.4,1.9,YES
44.5,59.3,0.7,3.5,52.8,40.2,7,NO
40.5,57.9,0.5,3.2,51,41.5,7.5,NO
67.4,67.4,1.9,5.4,63.5,32.4,4.1,YES
53.4,56.6,3.8,8,65.7,30,4.2,YES
37.3,50.5,0.9,3.9,59.9,34.5,5.6,YES
74,64.4,7.5,13.2,73.2,24.3,2.5,YES
7.6,15,0.3,2.1,44.1,47.6,8.3,NO
6.2,13.9,0.3,2,43.6,48,8.4,NO
53.4,49.6,2.3,5.6,58.7,36.4,5,YES
33.7,47.7,0.7,3,62.7,33.6,3.6,NO
33.7,47.7,0.7,3,62.7,33.6,3.6,NO
47.6,64,0.8,4.1,64.3,31.4,4.3,YES
47.6,64,0.8,4.1,64.3,31.4,4.3,YES
45.4,50.1,1.2,3.7,63.2,32,4.7,YES
41.3,48.7,0.8,3.3,60.9,34,5.1,YES
79.7,62.3,4.6,6.8,83.1,15.2,1.7,NO
41.2,50.2,1.3,6,55.4,38.8,5.8,YES
40,49.6,0.7,3.5,60.4,34.2,5.4,NO
42.2,50.6,1.8,7.9,51.6,42.3,6.1,YES
48.9,57.8,1.7,4.7,62.7,32.3,5.1,YES
32.1,53.4,0.6,3.1,57.2,35.9,6.9,NO
79,65.6,3.8,7.5,72.5,25.7,1.8,NO
39.9,61.1,1.1,3.9,59.8,34.2,6,YES
37.3,61,0.8,3.3,58.4,35.6,6,YES
62.3,62.7,3.3,9.5,72,21.7,6.3,YES
39.3,52,1.3,3.7,61.9,33.8,4.3,YES
39.3,52,1.3,3.7,61.9,33.8,4.3,YES
9.2,21.8,0.5,3.5,51.4,41.3,7.3,NO
9.2,21.8,0.5,3.5,51.4,41.3,7.3,NO
17,26.9,1,5.8,49.2,42.3,8.4,YES
12.3,24.2,0.7,5.5,48.3,42.8,8.9,NO
76.7,61.2,4.7,10.1,61.4,36.1,2.5,YES
80.1,66.7,9.2,14.6,78.3,20.1,1.6,NO
50.5,53.9,1.4,4.4,69.1,28.1,2.8,YES
82.9,67.8,9.9,15.6,79.2,19.4,1.5,NO
39.3,51.6,1.7,5.4,63.7,32,4.3,YES
28.8,46.1,1,4.1,59.5,35.5,5,YES
73.8,69.8,3.8,9.5,77.6,20.5,1.9,YES
49.3,63.7,1.9,6,64.7,30.4,4.9,YES
41.9,61.4,1.4,5.1,63,31.2,5.8,YES
78.1,72.6,3.6,9.8,71.1,27.3,1.5,NO
59.8,64.1,2.5,7.1,67.9,28,4.1,YES
56.7,63.7,1.5,5.8,66.3,29.2,4.5,YES
75.2,66,7.4,13.7,75.8,21.8,2.3,YES
45.8,63,1.1,4.1,60.5,31.9,7.6,YES
39.8,61.6,0.6,2.9,56.8,34.4,8.8,NO
73.4,69.2,3.1,9.4,77.7,20.2,2.1,YES
71.6,61.1,10.5,12.2,72.9,25,2.1,YES
37.9,36.8,1.8,5.2,57.4,36.8,5.8,YES
81,67.8,12.9,14.1,77.2,21.7,1.1,NO
18.4,29.2,0.6,5.1,46.8,49.1,4.1,NO
18.4,29.2,0.6,5.1,46.8,49.1,4.1,NO
29.2,26.4,1.9,5.4,52.2,42.4,5.4,YES
21.2,21.5,0.8,4,47.6,46.4,6.1,YES
69,50.5,7.2,12.4,75.2,22.5,2.3,YES
16.6,19,0.4,3.1,46,47.1,6.9,NO
14.7,17.2,0.3,3,45,47.8,7.2,NO
57.5,57.4,3.4,6.5,66.5,32.3,1.2,NO
18,19.7,1.1,5.5,49,42.9,8.1,YES
12.8,15.5,0.9,4.7,46.6,44.8,8.6,NO
71.1,62.4,3.3,14,73.4,23.1,3.5,YES
9.3,18,0.4,3.7,35,53.8,11.2,NO
9.3,18,0.4,3.7,35,53.8,11.2,NO
34.8,32.6,1.2,5,52.8,38.4,8.8,YES
28.8,28.4,0.7,4,49.1,41,9.9,NO
74,60.5,4.2,11.5,76.8,21.5,1.6,NO
55.6,43.1,3.7,7.8,66.4,29.9,3.7,YES
44.3,29,1.8,5.1,62.3,32.6,5,YES
70.4,61.4,6.3,11.4,71.8,26.2,2,YES
78,67,8.3,12.9,78.1,21,0.9,NO
60.5,46.3,2.6,7.1,74.3,22.1,3.5,YES
79.4,68.6,8.8,13.4,78.4,20.9,0.7,NO
85.2,68.9,17.7,14.8,80,19,1,NO
68.8,73.8,0.9,3.8,79.1,19.8,1.1,NO
85.2,68.9,17.8,14.8,80,19,1,NO
52.3,63.9,2.1,6.6,58.6,38.7,2.6,YES
52.8,59.4,1.2,4.8,62.8,32.6,4.6,YES
52.1,65.3,2.4,7.3,57.3,40.8,2,YES
39.9,37.6,1.5,5.7,59,34.7,6.3,YES
29.8,28.5,0.8,3.8,52.9,39.6,7.5,YES
72.7,66.9,3.9,11.8,79,18.6,2.4,YES
85.4,68.1,13.3,16,79.7,19.2,1.1,NO
71.1,70.3,7.4,10.5,73.4,24.8,1.8,NO
88.5,67.6,14.6,17.2,81.1,18,0.9,NO
81.8,65.7,7.4,11.7,69.4,29.3,1.4,NO
81.8,65.7,7.4,11.7,69.4,29.3,1.4,NO
78.9,67.6,7.7,14.3,81.4,17.2,1.4,NO
61.9,62.5,1.9,5,76.2,21.4,2.3,YES
83.3,69,9.2,16.7,82.8,16.1,1.1,NO
31.4,31,0.7,4.8,56.6,35.1,8.2,NO
26.5,26.5,0.5,4.2,55.2,36,8.9,NO
72.9,69.4,2.4,9.6,69.2,28.1,2.8,YES
85.1,63.6,20,12.2,71.5,27.1,1.4,NO
85.1,63.6,20,12.2,71.5,27.1,1.4,NO
85.1,63.6,20,12.2,71.5,27.1,1.4,NO
85.1,63.6,20,12.2,71.5,27.1,1.4,NO
85.3,61.2,19,13,72.2,26.2,1.5,NO
85.3,61.2,19,13,72.2,26.2,1.5,NO
85.3,61.2,19,13,72.2,26.2,1.5,NO
85.3,61.2,19,13,72.2,26.2,1.5,NO
62.7,47.1,6.5,9.7,73,24.4,2.6,YES
50.7,36.3,1.8,5.8,68.1,28.3,3.6,YES
83.2,65.5,14.4,16.3,81.3,17.7,1.1,NO
75.4,64.3,5.2,10.6,74.8,23.6,1.6,NO
71.2,60.8,3.2,8.6,76.6,21.5,1.9,YES
81.1,69,7.8,13.4,72.3,26.5,1.2,NO
80.4,70.2,14.7,15,81.1,17.7,1.2,NO
68.3,65.2,2.4,6.6,74.7,23.2,2.1,YES
86.2,72.6,20.6,18.9,84.1,15.2,0.8,NO
54.3,40.2,2.9,6.5,67.2,28.6,4.2,YES
44.6,32.6,1.1,4.5,62.8,32.2,5,YES
81.5,61.6,8,12.2,79.6,18.5,1.9,YES
67.7,52.8,4.9,9.7,69.7,27.3,3,YES
54.6,43.7,2.3,5.1,66.4,29.5,4.1,YES
82.6,63.2,7.8,14.9,73.5,24.7,1.8,NO
60.3,32.1,3.7,7.5,72.8,24.3,2.9,YES
52.7,26.4,1.4,5.4,69.4,27.1,3.5,YES
83.9,49.8,10.9,14.2,83.5,15.6,0.9,NO
66.5,29.4,4.1,8.2,75.7,21.6,2.6,YES
62.3,25.5,2.3,6.6,74.1,22.9,3.1,YES
86.1,47.6,12.6,15.8,83.4,15.9,0.7,NO
50.2,30.1,2.2,8.3,65.6,31.1,3.3,YES
46.3,28.1,2,7.5,63.3,32.9,3.9,YES
70,40.2,3.3,12.7,77.3,22.3,0.4,NO
55,37.7,3,7.9,69.3,27.8,2.9,YES
45.5,30,1.9,6.2,65.5,31,3.5,YES
79.5,57.7,5.9,12.3,79.3,19.5,1.2,NO
38.6,27.5,1.5,5.9,60.2,34,5.9,YES
33,22.8,0.8,5.4,56.9,36.7,6.4,YES
73.8,56.9,6,9.1,80.5,16.9,2.6,YES
45.2,33.1,2.9,7.5,65.3,30.4,4.3,YES
41.1,30.8,2.5,6.3,63.1,32.3,4.6,YES
78.9,52.6,6.2,17.5,83.5,14.9,1.6,NO
30.4,19.6,1.1,3.1,59,35.4,5.7,YES
30.4,19.6,1.1,3.1,59,35.4,5.7,YES
45.6,30.6,1.6,5.7,69.8,28,2.2,YES
40.6,26.1,1.1,5.1,69,28.6,2.4,YES
60.2,43.5,3,7.2,72,26.4,1.5,NO
33.3,33.9,0.9,3.8,66.5,30.9,2.6,YES
27.7,29.9,0.7,3.3,64.4,32.9,2.7,NO
68.2,58.8,2.5,6.3,79.6,18.2,2.1,YES
50.9,40.2,2.7,8.2,72,24.9,3,YES
42,34.4,1,5.9,68.2,28.1,3.7,YES
80.8,59.7,8.4,16.3,84.8,14.3,0.9,NO
36.6,23.3,1,1.9,65.7,30.2,4,YES
32.1,19.1,0.8,1.5,63.1,32.7,4.2,NO
70.4,54.4,2.1,5.3,85.3,12.1,2.6,NO
74.9,69.9,11.3,12.3,75.4,22,2.6,YES
57.9,69.3,2,5.9,71.1,23.9,4.9,YES
84.4,70.2,16.5,15.9,77.8,20.9,1.3,NO
54,65.1,1.9,6.1,67.9,27,5.1,YES
52.5,64.5,1.8,5.7,67.7,27,5.3,YES
74.4,73.4,3.9,11.5,70.6,26.6,2.8,YES
51.9,63.1,1.1,4.5,69.5,25.1,5.4,YES
49.8,62,0.9,4.1,68.2,26.2,5.6,YES
75.3,76.5,2.9,9.7,84.3,12.6,3.1,YES
59.9,77,1.3,5.2,74.8,20.4,4.8,YES
56.5,76.7,1.1,4.4,74.9,19.6,5.5,YES
75.5,78.7,2.5,8.8,74.6,23.9,1.5,NO
58.2,70.2,1.6,6,73.4,23.2,3.5,YES
51.6,64.7,0.9,4.6,67.9,27.6,4.5,YES
72.3,82.2,3.3,8.9,85.1,13.7,1.3,NO
71.4,73.3,4.5,8.9,73.2,23.6,3.1,YES
60.6,70.3,1.2,4.7,68.7,26.7,4.5,YES
84.7,77,8.5,14.2,78.8,19.8,1.4,NO
64,76.3,2.4,6.8,70.8,25,4.1,YES
62.5,74.6,2.4,6.3,68.9,26.5,4.6,YES
71.4,84.7,2.5,9.2,80.3,17.8,2,YES
79.6,78.1,9.6,15,80.6,18.1,1.2,NO
78.3,77.9,5,10.7,79.7,18.6,1.8,NO
80,78.1,10.9,16.2,80.9,18,1.1,NO
87.9,64.7,21.6,16.5,75.8,22.9,1.3,NO
78.7,80.4,9.1,15.2,73.5,26.1,0.4,NO
88,64.6,21.7,16.5,75.8,22.9,1.3,NO
59.4,73.3,1.7,5.5,70.8,24.3,4.9,YES
55.2,73.2,1.1,4.5,71,23.5,5.5,YES
82,73.6,4.8,10.9,69.9,28.2,1.9,YES
64.8,71.2,2,5.5,74.8,21.9,3.3,YES
60.1,69.8,1,3.5,73.1,23.1,3.8,YES
79.3,75.3,5,11.6,80.1,18.2,1.8,NO
40.5,51.2,0.7,5.2,44.2,47.8,8,NO
40.5,51.2,0.7,5.2,44.2,47.8,8,NO
56.4,63.3,1.4,5.4,71.2,25.8,3,YES
53.7,62.2,1.1,4.8,70.8,26.1,3.2,YES
79.5,72.2,3.6,10.4,74.5,23.7,1.8,NO
60.5,66.8,3.1,6.8,74.6,20.3,5.1,YES
56.4,67,2,5,72.8,21.3,5.9,YES
79.9,66.1,8.3,15.5,82.9,15.5,1.6,NO
45,63.4,1.5,5,66.3,24.5,9.2,YES
43,62.7,1.3,4.7,65.4,24.9,9.7,YES
72.5,73.4,3.7,8.5,78.7,19.4,1.9,YES
52.6,59.9,2,5.6,64.5,29.1,6.4,YES
45.6,58.6,1.1,4.3,62,30.6,7.4,YES
79.7,65.1,5.9,10.5,74.4,23.1,2.5,YES
34.1,52.6,0.8,4.3,56.9,37.2,6,YES
32.9,52.2,0.7,4.2,56,37.9,6.1,NO
69.5,63,1.6,7.6,83,15.2,1.8,NO
54.5,65.5,2,5.2,66.6,27.8,5.6,YES
48.4,64.5,0.8,3.6,62.8,30.6,6.6,YES
81.6,70,7.3,12.7,83.4,15.6,1,NO
54.7,57.6,2,5.1,58.2,34.2,7.6,YES
49.3,57,1.2,4,57.1,34.1,8.9,YES
73.9,59.4,5,8.9,62.3,34.8,3,YES
64,62.2,2.5,6.1,63.7,30.1,6.2,YES
61.8,60.5,2.2,5.8,64,29.4,6.5,YES
73.9,69.5,3.6,7.1,62.2,33,4.8,YES
62.1,53.4,2.3,4.9,58.2,35.7,6.1,YES
54.7,50.7,1.3,3.7,55.8,37.2,7,YES
78.3,59.6,4.5,7.5,63.4,32.4,4.2,YES
47.7,59,1,4.7,59.1,32.1,8.8,YES
47.7,59,1,4.7,59.1,32.1,8.8,YES
42.8,60.3,0.8,4.5,57.2,33.2,9.6,YES
42.8,60.3,0.8,4.5,57.2,33.2,9.6,YES
39.1,61.4,1.3,5.1,59.2,31.6,9.2,YES
35.2,60.8,1.1,4.8,57.6,32.6,9.8,YES
74.2,65.9,3.4,8.2,73.9,22.5,3.5,YES
73.4,61.4,5.3,10.1,75.8,21.4,2.8,YES
52.7,53.5,1.6,5.4,71.4,23.6,5,YES
85.2,65.9,7.4,12.7,78.3,20.2,1.5,NO
57.5,59.2,1.3,4.6,64.8,28.8,6.4,YES
53.9,58.2,0.9,4,63.4,29.8,6.9,YES
71.2,62.9,2.8,6.8,70,25.3,4.7,YES
47.1,61.9,1,4.3,72.2,21.9,6,YES
47.1,61.9,1,4.3,72.2,21.9,6,YES
46.4,63,1.2,4.4,67.5,25.5,7,YES
44,62.5,0.9,4,67.1,25.6,7.2,YES
68.5,67.6,4,7.8,70.7,24,5.3,YES
33.7,59.7,1,4.7,63.6,28.9,7.6,YES
32,59.8,0.8,4.3,62.6,29.6,7.7,YES
65.4,57.9,4.9,11.3,80.8,14.4,4.7,YES
35.1,53.9,0.6,3.6,62.2,31.4,6.5,NO
26.7,51.2,0.3,2.9,57.3,35.2,7.5,NO
66.4,63.7,2,6.1,80.2,17.2,2.7,YES
37.7,56.2,1,4.3,53.8,39.2,7.1,YES
31.3,54.6,0.5,3.7,51,41,8,NO
66.4,63.3,3.3,7.2,66.3,30.8,2.9,YES
33.8,56.1,0.6,3.1,58.2,34,7.8,NO
32.3,55.6,0.6,3.1,57.9,34.1,8,NO
63.5,66.5,1.8,2.6,65,31.3,3.7,YES
29.5,57.4,0.7,4.4,55,38.3,6.7,NO
29.5,57.4,0.7,4.4,55,38.3,6.7,NO
28.8,57.7,0.4,3.3,52.2,39.7,8.1,NO
28.8,57.7,0.4,3.3,52.2,39.7,8.1,NO
37,58.5,0.9,2.8,54.3,38.5,7.2,YES
34.3,58.1,0.6,2.6,53,39.3,7.7,NO
63.9,62.8,3.1,4.8,66.3,31.2,2.5,YES
32.8,53,0.8,3.9,50.9,42.7,6.4,YES
27.3,50.9,0.5,3.5,48.7,44.3,7,NO
60.7,63.4,2.6,5.9,62,34.9,3,YES
26,53,0.4,6.2,48.7,42.9,8.4,NO
26,53,0.4,6.2,48.7,42.9,8.4,NO
45.3,56.8,1.8,5.9,58.8,35.6,5.5,YES
29.9,52.9,0.5,4.3,51.8,40.5,7.7,NO
70.5,63,3.9,8.5,70.4,27.6,2,YES
28.6,51.9,0.6,4.3,48.8,42.4,8.8,NO
25.5,51.2,0.5,3.9,47.5,43.2,9.3,NO
52.8,56.9,2,6.8,59.1,36.4,4.4,YES
26.4,53.5,0.4,3.7,45,46.8,8.2,NO
21.2,51.4,0.3,3.7,42.5,48.5,9,NO
56.2,65.5,1.1,3.8,59.4,37.2,3.4,YES
48.1,58.1,1.3,5,52.5,39.6,7.9,YES
40.5,55.3,0.6,4.5,49.7,40.9,9.4,NO
65.5,64.5,2.9,6.1,58.9,36.5,4.6,YES
48.1,58.4,1.5,4.5,54.3,39.8,5.9,YES
40.4,56.3,0.7,2.9,48.1,44.8,7,NO
69.8,64.5,3.8,8.9,71.7,25.7,2.7,YES
40.2,54.4,1.3,5,57.2,37.8,4.9,YES
31.8,50.7,0.6,4,54.2,40.1,5.7,NO
66.6,65.9,3.6,8.1,66.9,30.6,2.6,YES
60.6,62.4,2.9,7,64.8,32,3.2,YES
45.6,55.3,0.9,4.2,56.9,38.3,4.8,YES
71.8,67.8,4.4,9.1,70.8,27.3,1.9,YES
39.9,50.8,0.8,4.3,49.2,43.1,7.7,YES
39.9,50.8,0.8,4.3,49.2,43.1,7.7,YES
35.5,55,0.8,5.5,49.3,42.6,8.1,YES
30.6,53.3,0.5,5.1,48.1,43.3,8.6,NO
60.3,63.6,2.7,7.2,55.2,39.2,5.5,YES
22,47.7,0.5,2.5,47.1,45.8,7.1,NO
22,47.7,0.5,2.5,47.1,45.8,7.1,NO
32.1,51.1,0.6,4.2,48.4,45.5,6.1,NO
32.1,51.1,0.6,4.2,48.4,45.5,6.1,NO
29.7,52.1,0.7,2.8,58.2,36,5.8,NO
29.7,52.1,0.7,2.8,58.2,36,5.8,NO
29.5,45.6,0.5,3.7,66.5,31,2.5,NO
26.8,44,0.4,3.6,67.8,29.7,2.5,NO
52.9,59.3,1.3,4.7,54.5,42.8,2.7,YES
30.1,54.6,0.6,3.3,55.2,39.7,5.1,NO
27.5,53.7,0.4,3,53.9,40.9,5.2,NO
53.4,62.6,1.9,5.6,66.5,29,4.5,YES
26.3,48.8,0.4,4.9,45.9,46.9,7.1,NO
26.3,48.8,0.4,4.9,45.9,46.9,7.1,NO
38.6,53.3,1.2,5.4,54.1,40.6,5.3,YES
28.6,48.3,0.6,4.7,50.7,42.9,6.4,NO
58.1,63,2.4,6.7,60.7,36.1,3.2,YES
33.8,49.2,0.9,4.3,57.2,37.2,5.6,YES
28.1,46.8,0.5,3.8,55.6,38.2,6.2,NO
64.5,62.1,3,7.2,65.6,31.6,2.8,YES
24.7,55.3,0.6,4.8,56.7,35.7,7.6,NO
21.2,54,0.5,4,56,35.7,8.3,NO
49.6,64.7,1.5,10.4,61.6,35.8,2.5,YES
29.3,53.2,0.8,3.4,55.4,37.1,7.4,YES
25,51.7,0.6,3.1,54.3,37.6,8.1,NO
57.4,62.9,2.2,5.8,63,34.2,2.8,YES
30,47.3,0.5,3.7,48.9,43.1,8,NO
30,47.3,0.5,3.7,48.9,43.1,8,NO
37.4,53.2,0.6,3.4,55.2,37.5,7.2,NO
34.2,52.2,0.4,3.3,54.4,37.9,7.7,NO
63.7,61.5,1.7,4.7,61.6,34.7,3.7,YES
42.3,50.3,1.5,4.9,60.2,35.4,4.5,YES
32.2,45.3,0.5,3.4,55.1,39.4,5.5,NO
71.6,64.8,4.3,9,74.9,23.6,1.5,NO
30.7,45.5,1,4.7,51.7,42.5,5.8,YES
24,42.3,0.6,4.5,50.6,43,6.4,NO
62.7,60.6,2.5,5.4,57.2,40.1,2.7,YES
25.4,40.2,0.7,4.7,71.4,26.3,2.3,NO
25.4,40.2,0.7,4.7,71.4,26.3,2.3,NO
33.5,47.4,0.8,4,57.4,38,4.6,YES
27.7,45.3,0.5,3.7,57,38.5,4.5,NO
59.6,56.8,2.3,5.7,58.9,36,5.1,YES
43.8,58.3,1.8,5.1,64.1,30,5.9,YES
31.1,56.9,0.7,3.5,62.6,29.6,7.8,NO
70.7,61.3,4.1,8.5,67.3,30.8,1.9,YES
33.6,62.7,0.6,3.1,65.1,27.7,7.2,NO
29.6,61.8,0.4,2.9,64.3,27.9,7.7,NO
76.2,72.1,2.2,5.4,73,25.4,1.6,NO
38.5,65.1,1,3.6,66.9,25.4,7.7,YES
35.7,64.7,0.8,3.4,66.4,25.5,8,YES
75.4,70.9,3.1,6.8,73.1,23.8,3.1,YES
46.4,54,1.4,5.3,66.1,29.4,4.5,YES
34.4,51.2,0.7,3.9,65.8,28.6,5.6,NO
73.2,60.1,3.1,8.5,66.7,31.2,2.1,YES
68.1,60.4,4.2,8.5,66.1,31.9,2,YES
37.2,54.4,0.7,3.4,59.2,35.4,5.3,NO
71.5,61,4.6,9.1,66.9,31.5,1.6,NO
32.3,57.9,0.6,3.1,65.2,27.8,7,NO
32.3,57.9,0.6,3.1,65.2,27.8,7,NO
43.7,63.2,1.6,5,64,30.3,5.7,YES
33.9,63.5,0.8,3.6,63.7,29.3,7,YES
75.9,62.4,4.2,9.8,64.8,33.4,1.7,NO
41.5,61.2,1.2,3.9,65.2,27.1,7.7,YES
37.4,61.2,0.9,3.6,63.9,27.7,8.4,YES
68.2,61.5,3.3,5.9,73.5,23.4,3.1,YES
24.8,52.9,0.9,5.1,63.2,26,10.8,YES
20.6,51.4,0.6,4.6,61.5,27,11.5,NO
61.1,65.5,3.4,9.7,77.3,17.8,4.9,YES
26.5,54,0.7,3.3,58.9,31.4,9.7,NO
22.1,53.2,0.5,3.2,57.6,32,10.4,NO
63.4,61.2,1.7,4.3,69.3,26.6,4.1,YES
32,50.3,0.5,3.2,61,33.3,5.7,NO
32,50.3,0.5,3.2,61,33.3,5.7,NO
28.3,49.9,0.7,3.8,55.8,38,6.2,NO
22.3,48.2,0.5,3.7,54.1,38.6,7.4,NO
51.2,56.4,1.5,4.1,62.4,35.6,1.9,YES
58.5,59.1,2.2,6.8,68.8,26.4,4.8,YES
53.5,58,1.2,5.2,66.9,27.8,5.3,YES
79.4,63.8,6.3,13.2,76.6,20.7,2.7,YES
60.2,52.8,3.3,5.9,71,25.9,3.1,YES
50.3,49.2,1.3,3.6,70.7,25.5,3.7,YES
81.7,60.8,7.7,11,71.5,26.8,1.7,NO
64.6,58.8,1.8,7.8,68.6,26.3,5.1,YES
61.6,58.1,1.1,6.9,66.7,28.1,5.1,YES
78.3,62.2,4.6,12.1,76.8,18.1,5.1,YES
62.5,61.1,1.6,7.2,70.9,25.1,4.1,YES
60.8,60.6,1.3,7.2,70.3,26,3.7,YES
73.1,64.6,3,7.2,74.4,19.1,6.5,YES
57.5,60,1.8,6.4,70.5,23.4,6.1,YES
52.4,60.3,1,5.2,69.8,23.3,6.9,YES
80,58.8,5,11.5,73.7,23.8,2.5,YES
34.8,56.7,0.7,4.1,70.1,23.4,6.5,NO
33,55.5,0.6,4.1,69.1,23.9,7,NO
50.6,67.6,1.3,4.1,78.5,18.7,2.8,YES
50,60.1,1.7,5.7,70.6,24.5,4.9,YES
50,60.1,1.7,5.7,70.6,24.5,4.9,YES
62.6,62.8,1.4,6.3,65.3,29.7,5,YES
60.8,62.2,1.1,5.7,65.2,29.7,5.1,YES
72.2,65.9,3.2,9.5,65.7,29.8,4.5,YES
74.2,63.9,4.6,10.9,72.4,24.2,3.4,YES
65.5,62.7,1.8,6.6,66.6,28.7,4.7,YES
85.7,65.6,8.3,16.7,80,18.2,1.8,NO
48,54.6,0.8,3.6,57.4,37,5.6,YES
47.6,54.7,0.7,3.5,57.7,36.6,5.7,NO
57.5,52.1,1.6,6.9,49.3,46.4,4.3,YES
41.2,48.1,0.7,3.5,61.4,33,5.6,NO
39.8,47,0.6,3.2,60.6,33.6,5.8,NO
71.9,72.7,2.2,11.1,76.5,21.3,2.2,YES
64.4,60.3,2.8,7,70.4,25.5,4.1,YES
60.4,59.8,1.6,5.3,68.4,27.1,4.5,YES
78,62,6.8,12.9,77.2,19.9,2.9,YES
41.6,34.9,2,5.9,69.3,26.9,3.8,YES
35.1,30.7,1.1,4.7,67.2,28.7,4.1,YES
77.6,58.8,6.6,12.9,81.5,16.6,1.9,YES
33.5,18.7,1,3.7,57.1,38.5,4.4,YES
33.5,18.7,1,3.7,57.1,38.5,4.4,YES
41.6,23.6,1.8,5.3,67.2,28.8,4,YES
35.1,18,1.2,3.9,64.1,31.6,4.3,YES
73.5,51.2,4.9,11.8,82.1,15.2,2.6,YES
41.7,30.6,1.2,6.1,71.5,23.9,4.5,YES
38.2,27.9,0.9,5.5,70.3,25,4.7,YES
79.2,59.2,4.7,11.9,84.6,12.7,2.7,YES
50.3,35.4,3.2,8.7,70,26.7,3.4,YES
41.2,29.3,2,7.3,66.7,29.3,4,YES
79.9,55.2,7,13.4,80.7,18,1.3,NO
30.1,35.8,1.1,2.3,64.5,30.1,5.5,YES
30,35.4,1.1,2.3,64.9,29.7,5.5,YES
42.6,72.8,0.8,0.8,27.2,67.9,4.9,NO
57.6,54.6,3.6,8.1,76,20.9,3.1,YES
46.5,50.5,1.3,4.8,73.4,23,3.6,YES
80.1,62.8,8.3,14.9,81.3,16.7,2,YES
31.6,37.6,0.9,4.3,68.9,27.7,3.4,YES
28.9,36.4,0.7,4,68.1,28.4,3.5,NO
72,56.6,3.8,9.1,81.7,16.6,1.7,NO
31.5,24.7,0.8,4,67.1,30,3,YES
26.1,18.8,0.5,3.4,64.1,32.7,3.2,NO
69.5,66.1,2.9,8.3,87.9,10.9,1.2,NO
30,25.7,1.3,5.1,67.2,28.9,3.8,YES
27.7,24,1.1,5,66.5,29.6,4,YES
70.8,56.8,4.9,6.6,81.2,17.2,1.6,NO
48,45.5,1.7,5.9,68.4,27.2,4.4,YES
43.9,43.7,1.2,5.3,67.7,27.6,4.6,YES
78,59.2,5.2,10.6,73.2,23.8,3,YES
42.5,38.1,1.6,4.4,69,26.1,4.9,YES
42.5,38.1,1.6,4.4,69,26.1,4.9,YES
28,46.6,1.2,7.3,68.8,27.2,4,YES
28,46.6,1.2,7.3,68.8,27.2,4,YES
47.2,51.2,2.6,7.4,70,25.8,4.1,YES
40.2,49.4,1.7,6,67.7,27.8,4.5,YES
81.2,59.7,6.9,14.3,81.2,16.4,2.4,YES
48.1,46.3,1.3,4.2,69.1,26.9,4,YES
42.9,43.9,0.9,3.6,69.5,26.3,4.2,YES
75.1,59.1,3.2,7.5,67.2,29.8,3.1,YES
55.5,49.2,1.3,5.3,70.6,25.7,3.8,YES
52.7,48.1,1.1,5.2,69.4,26.5,4.1,YES
73.3,55.7,2.7,5.8,77.9,20.8,1.3,NO
45.6,44,1.8,6.3,62.6,31.2,6.2,YES
42.3,42.1,1.3,5.9,62.2,31.4,6.4,YES
78.7,63.7,6.6,10.9,67.1,29.4,3.5,YES
56.5,45.4,2,6.7,68.3,27.7,4.1,YES
49.7,41.4,1,5.3,67.2,28.6,4.1,YES
78.9,58.4,5.3,11.2,71.7,24.5,3.9,YES
50.8,42.6,0.8,6.1,74.5,22.7,2.8,YES
50.8,42.6,0.8,6.1,74.5,22.7,2.8,YES
61.8,54.1,2.7,6,74.7,23.6,1.7,NO
53.3,50.4,1.2,4,73.7,24.3,2,YES
79.7,61.7,5.8,10.2,76.6,22.2,1.2,NO
39,53.9,0.8,4.2,76.7,21.5,1.8,NO
38,53.5,0.8,4.1,76.6,21.6,1.8,NO
74.4,68.7,2.3,5.9,80.5,18.8,0.7,NO
53.9,49.1,1.3,4.3,76.8,21.8,1.4,NO
53.2,49,1.3,4.4,76.7,21.8,1.5,NO
76.9,50.9,2,3.5,77.8,21.8,0.4,NO
68.3,57.6,2.1,5.1,73.6,24.6,1.8,NO
62.4,53.5,1.3,3.9,74.5,23.5,2,YES
74.1,61.7,2.9,6.3,72.8,25.7,1.5,NO
61.7,51.8,1.9,5.7,70.9,26.7,2.4,YES
58.9,50.7,1.2,4.8,71.7,25.7,2.6,YES
73.7,56.4,4.7,9.8,67.6,30.8,1.5,NO
77.3,59.6,5.6,9.8,78.7,20,1.3,NO
63.4,53.6,1.5,3.8,78.1,20.4,1.5,NO
84.8,62.9,7.9,13,79.1,19.8,1.1,NO
33.9,36,1.8,2.4,71.8,27.3,0.9,NO
33.9,36,1.8,2.4,71.8,27.3,0.9,NO
46.3,50.5,0.7,3.3,75.5,22.9,1.6,NO
46.3,50.5,0.7,3.3,75.5,22.9,1.6,NO
53.6,49.3,2.1,4.7,73.5,24.7,1.9,YES
50.2,47.7,1.7,4,71.7,26.2,2,YES
71.3,57.4,4.3,8.1,82.4,16.7,0.9,NO
48,48.5,1,5.1,70.8,27,2.2,YES
48,48.5,1,5.1,70.8,27,2.2,YES
49.1,50,1.4,3.5,73.4,24.7,1.9,YES
47.3,48.7,1.2,3.3,73.2,24.8,2.1,YES
61.6,59.6,3.1,4.9,74.9,24.2,0.9,NO
51.5,45.7,1.9,4.7,70.8,26.9,2.3,YES
48.4,44.3,1.4,4.1,69,28.6,2.5,YES
75.5,56.9,5.6,10,84.9,14.1,1,NO
48.1,51.6,0.9,3.7,69.7,27.9,2.4,YES
48.1,51.6,0.9,3.7,69.7,27.9,2.4,YES
53,54.6,2.3,6.1,68.7,26.9,4.4,YES
45.7,52.3,1.1,4.8,67.5,27.4,5.1,YES
73.7,61.1,5.5,9.8,72.3,25.3,2.4,YES
46.2,53.8,1.1,4.5,71,26.7,2.3,YES
46.2,53.8,1.1,4.5,71,26.7,2.3,YES
59.5,53.6,2.3,6.8,70.9,25.5,3.6,YES
57.1,51,1.5,5.8,70.3,25.9,3.8,YES
67.3,62,4.8,9.7,73.1,24,2.9,YES
60,55,2.6,5.4,67.3,29.5,3.3,YES
60,55,2.6,5.4,67.3,29.5,3.3,YES
51.8,54.8,0.9,6.1,75.1,21.2,3.7,YES
51.8,54.8,0.9,6.1,75.1,21.2,3.7,YES
56.3,53.1,1.5,5.1,70.3,25.9,3.8,YES
49.8,47.7,0.8,3.6,70.4,25.4,4.2,YES
73.7,67.8,3.3,9,70.1,27.2,2.6,YES
35.1,58.2,0.9,3.9,71.2,23.5,5.3,YES
35.1,58.2,0.9,3.9,71.2,23.5,5.3,YES
50.8,55.5,1,4,67.3,27.4,5.3,YES
47.6,53.8,0.7,3.6,67,27.6,5.3,NO
70,65.1,2.6,6.4,69.1,25.8,5.1,YES
66.1,56.3,4.2,8.4,70,26.6,3.4,YES
50.9,50.1,1.1,5.4,65.8,28.7,5.5,YES
75.2,60,6,10.2,72.5,25.3,2.2,YES
38.7,49.3,0.7,4.6,65.1,28.2,6.7,NO
38.7,49.3,0.7,4.6,65.1,28.2,6.7,NO
22.2,52.7,0.7,4.1,59.6,32,8.4,NO
22.2,52.7,0.7,4.1,59.6,32,8.4,NO
